"Facebook Social Network Database (n = 715 observations, m = 21 variables)"																					
Friend 	Age	Photos	# of Tags	Albums	Gender 	Emp	Profile	Cover	Orientation	Relationship	Posts	Replies	MidWest	Seast	West	Children	Likes	Edu	Events	USA	Friends
1	57	7	27	5	1	1	1	0	1	1	1	0	0	0	1	3	21	0	0	1	68
2	42	531	241	19	0	0	0	0	1	1	5	1	0	0	1	3	9	0	1	1	234
3	42	1396	423	40	0	1	1	0	1	1	186	31	1	0	0	2	43	1	1	1	727
4	55	394	139	48	0	1	1	1	1	1	6	4	1	0	0	2	187	0	4	1	437
5	30	916	231	78	1	1	1	1	1	1	412	752	1	0	0	1	34	0	2	1	372
6	25	241	345	6	1	1	1	1	1	0	543	654	1	0	0	0	48	0	5	1	552
7	28	138	206	15	1	1	0	1	1	0	254	163	1	0	0	0	151	0	1	1	248
8	32	167	581	10	1	1	1	0	1	0	236	195	0	0	0	0	64	0	3	1	875
9	29	922	1702	23	0	1	1	1	1	1	8	9	1	0	0	1	9	0	2	1	636
10	25	231	209	8	0	1	1	1	1	0	11	4	0	0	1	1	29	0	27	1	440
11	20	365	342	30	1	0	1	1	1	1	519	448	1	0	0	0	305	0	3	1	319
12	25	111	8	2	0	1	1	1	1	0	21	27	0	0	0	0	21	0	3	0	698
13	25	499	4	0	0	1	1	1	1	1	16	19	0	0	1	0	49	0	11	1	"1,689"
14	24	402	504	13	1	1	1	0	1	1	421	321	1	0	0	0	113	0	5	1	519
15	21	992	990	4	1	1	1	1	1	0	19	1	1	0	0	0	15	0	7	1	789
16	23	710	745	80	1	1	1	0	1	0	678	564	1	0	0	0	91	0	7	1	564
17	23	385	309	32	0	0	1	0	1	1	654	546	1	0	0	0	146	0	5	1	741
18	30	538	453	7	0	1	1	1	1	1	356	267	1	0	0	0	46	0	3	1	446
19	23	635	399	8	0	0	1	0	1	1	746	553	1	0	0	0	99	0	4	1	919
20	24	241	78	4	1	1	1	0	1	1	794	679	1	0	0	0	112	0	2	1	468
21	24	795	364	7	0	1	1	1	1	1	365	252	1	0	0	0	39	0	1	1	647
22	21	450	0	11	0	1	1	0	1	0	15	3	1	0	0	0	385	0	2	1	612
23	27	41	12	1	1	1	1	0	1	1	195	169	1	0	0	0	35	0	4	1	288
24	32	185	105	16	1	1	1	1	1	0	8	3	0	1	0	0	27	0	0	1	158
25	30	495	813	21	0	1	1	1	1	1	12	13	1	0	0	0	138	0	2	1	637
26	29	156	268	7	1	1	1	0	1	1	4	2	1	0	0	0	15	0	1	1	670
27	18	2104	1422	74	0	0	1	1	1	0	16	10	1	0	0	0	75	0	7	1	1009
28	23	585	289	45	0	1	1	0	1	1	7	2	1	0	0	0	103	0	3	1	336
29	29	672	124	18	1	1	1	0	1	1	5	2	1	0	0	0	28	0	1	1	254
30	24	638	646	20	1	1	1	1	1	0	453	255	1	0	0	0	266	0	3	1	781
31	26	393	564	40	0	1	1	0	1	0	346	322	1	0	0	0	292	0	4	1	477
32	27	137	197	6	1	1	0	0	1	1	5	4	1	0	0	0	4	0	2	1	134
33	21	508	44	31	0	1	1	1	1	1	10	3	1	0	0	1	17	0	18	1	304
34	28	156	88	7	1	1	1	1	1	1	11	2	1	0	0	0	38	0	0	1	44
35	31	362	108	11	1	1	1	0	1	1	10	5	1	0	0	0	50	1	5	1	562
36	23	844	611	33	0	1	1	1	1	1	8	6	1	0	0	0	47	0	24	1	752
37	24	4688	1946	78	0	1	1	1	1	1	11	2	1	0	0	0	97	0	9	1	1354
38	19	536	519	16	1	1	1	1	1	1	44	75	0	0	1	0	112	0	4	1	550
39	32	1603	1481	37	0	1	1	0	1	0	23	60	1	0	0	0	141	0	4	1	1822
40	27	914	179	30	0	1	0	1	1	1	11	6	0	1	0	0	191	0	1	1	650
41	23	16	148	7	1	1	1	0	1	0	13	8	1	0	0	0	10	0	11	1	246
42	25	1521	310	29	0	0	0	0	1	1	62	15	0	0	1	1	105	1	1	1	176
43	20	178	310	16	0	1	0	0	1	1	11	6	1	0	0	0	6	0	2	1	154
44	30	1226	250	44	1	1	0	0	1	1	15	9	1	0	0	0	230	1	2	1	658
45	22	32	5	1	1	1	1	1	1	0	8	13	0	0	0	0	19	0	2	0	501
46	22	"1,486"	5	0	0	1	1	1	1	1	15	29	1	0	0	0	123	0	15	1	"1,544"
47	26	1	2	0	1	1	1	1	1	0	7	6	1	0	0	0	72	0	2	1	590
48	24	65	3	1	0	1	1	1	1	1	12	21	0	1	0	0	302	0	23	1	822
49	20	317	7	1	1	1	1	1	1	0	14	15	1	0	0	0	64	0	15	1	690
50	36	41	10	1	1	1	1	1	1	1	12	5	1	0	0	1	6	1	3	1	"1,276"
51	26	312	6	0	0	1	1	1	1	0	17	15	0	0	1	1	151	1	20	1	799
52	21	37	4	1	0	0	1	1	1	0	10	18	0	1	0	0	19	1	2	1	589
53	26	23	1	0	1	1	1	1	1	1	7	9	1	0	0	0	31	0	1	1	"1,289"
54	25	104	3	1	0	1	1	1	1	1	9	18	1	0	0	1	95	0	2	1	"1,065"
55	23	76	4	1	0	1	1	1	1	1	20	27	0	1	0	0	25	1	8	1	"2,033"
56	25	318	324	8	0	1	1	0	1	1	446	344	1	0	0	0	1	0	3	1	848
57	34	52	22	2	0	1	1	0	1	1	212	115	1	0	0	1	15	0	2	1	121
58	20	171	7	1	0	0	1	1	1	0	6	8	0	0	0	0	85	1	0	0	"2,365"
59	24	41	6	0	1	0	1	1	1	0	13	15	1	0	0	0	25	0	40	1	"1,589"
60	24	26	5	1	0	1	1	1	1	0	12	14	1	0	0	0	33	0	2	1	"2,087"
61	24	1	0	0	0	0	0	0	1	0	5	3	1	0	0	0	22	0	0	1	"1,867"
62	22	452	5	1	0	1	1	1	1	0	15	5	1	0	0	0	37	0	23	1	465
63	27	161	9	1	0	1	1	1	1	1	25	33	0	0	1	1	52	0	1	1	285
64	23	5399	1935	80	0	1	0	1	1	0	97	21	1	0	0	0	225	0	8	1	1026
65	22	2613	1152	51	0	0	1	0	1	0	89	14	1	0	0	0	150	0	11	1	1405
66	23	3372	260	106	0	0	1	0	1	0	82	11	1	0	0	0	121	1	6	1	1109
67	27	518	398	25	1	1	1	1	1	1	80	12	1	0	0	0	56	0	10	1	590
68	24	445	979	20	0	0	1	0	0	1	37	15	1	0	0	0	285	1	0	1	423
69	21	43	372	7	1	0	0	0	1	0	15	9	1	0	0	0	117	0	7	1	769
70	23	2075	1163	26	0	1	1	0	1	0	66	59	1	0	0	0	86	0	1	1	867
71	22	5585	2658	71	0	1	1	0	1	1	25	6	1	0	0	0	160	0	6	1	980
72	25	1849	773	56	0	1	1	0	1	1	10	1	1	0	0	0	181	0	1	1	954
73	26	454	401	19	0	1	1	0	0	0	28	10	1	0	0	0	49	0	3	1	782
74	25	353	275	12	1	1	1	0	1	1	115	24	1	0	0	0	8	1	3	1	494
75	31	459	68	18	0	0	1	0	1	1	20	15	1	0	0	3	208	1	1	1	119
76	23	433	473	27	0	1	1	0	1	1	29	10	1	0	0	0	259	0	4	1	869
77	24	60	292	5	1	1	1	0	0	0	3	0	1	0	0	0	27	0	4	1	573
78	27	660	958	31	1	1	1	0	1	0	80	37	1	0	0	1	314	1	1	1	608
79	24	3007	986	57	0	0	1	0	1	0	25	18	1	0	0	0	135	0	6	1	1104
80	25	984	125	23	1	1	1	0	1	1	58	29	1	0	0	0	266	0	4	1	377
81	25	3837	856	115	1	1	1	0	1	1	63	14	0	1	0	0	133	0	13	1	436
82	27	639	870	32	1	1	1	0	0	0	12	1	1	0	0	0	29	0	2	1	676
83	29	298	108	15	1	1	1	0	1	1	4	1	1	0	0	3	274	0	2	1	259
84	38	257	48	20	1	1	0	0	1	1	0	0	1	0	0	2	96	0	5	1	1038
85	21	704	280	24	0	0	1	1	1	1	9	21	0	1	0	0	56	0	5	1	569
86	26	426	360	21	1	1	1	0	1	0	11	30	1	0	0	0	32	0	2	1	553
87	27	589	479	27	1	1	1	0	1	0	7	10	1	0	0	0	25	0	1	1	292
88	33	142	90	9	1	1	1	0	1	1	13	22	1	0	0	0	14	0	8	1	383
89	23	473	419	16	1	1	1	0	1	1	2	4	1	0	0	0	18	0	0	1	771
90	20	149	122	17	0	1	1	0	1	0	17	32	1	0	0	0	34	1	9	1	363
91	23	382	269	22	0	0	1	1	1	1	14	22	1	0	0	0	15	1	2	1	652
92	22	290	242	14	1	1	1	0	1	0	11	17	1	0	0	0	42	0	3	1	567
93	24	340	276	15	0	1	1	1	1	0	18	33	1	0	0	0	20	1	5	1	620
94	18	284	261	17	0	1	1	0	1	0	15	24	1	0	0	0	12	0	2	1	432
95	31	392	302	19	0	1	1	0	1	0	21	36	1	0	0	0	22	0	7	1	387
96	22	562	446	28	1	0	1	0	1	1	11	20	1	0	0	0	51	0	5	1	417
97	25	463	321	22	1	1	1	1	1	1	14	31	1	0	0	0	23	0	4	1	552
98	26	254	187	13	1	1	1	0	1	1	18	27	1	0	0	0	33	1	6	1	490
99	23	367	263	18	1	0	1	1	1	0	23	44	1	0	0	0	25	1	8	1	389
100	23	1094	876	42	0	1	1	0	1	1	8	12	1	0	0	0	17	0	3	1	325
101	20	197	101	8	1	1	1	0	1	0	12	19	1	0	0	0	13	0	2	1	467
102	18	442	367	29	0	1	1	0	1	0	18	23	1	0	0	0	10	0	2	1	551
103	23	181	123	5	1	0	1	0	1	1	11	29	0	1	0	0	17	0	4	1	624
104	20	463	387	22	0	1	1	1	1	1	16	11	1	0	0	0	22	1	3	1	562
105	24	393	201	24	1	0	1	0	1	1	8	16	1	0	0	0	12	0	2	1	180
106	24	132	721	10	1	1	0	0	1	1	16	15	1	0	0	0	43	0	5	1	234
107	18	245	1032	14	0	1	1	1	1	0	29	22	1	0	0	0	64	0	19	1	657
108	15	90	432	17	0	1	1	1	1	0	25	13	0	1	0	0	28	1	2	1	445
109	22	52	313	3	1	1	1	1	1	1	33	10	1	0	0	0	32	0	5	1	210
110	27	95	546	4	1	1	0	1	1	1	4	8	0	0	1	0	30	0	15	1	105
111	52	29	532	5	0	1	0	1	1	1	21	26	0	1	0	1	40	0	8	1	289
112	29	13	43	6	0	1	1	1	1	1	26	30	1	0	0	1	18	0	22	1	765
113	13	167	638	10	0	0	0	1	1	0	14	19	1	0	0	0	22	1	0	1	105
114	19	732	1066	9	0	1	1	1	1	0	15	12	0	1	0	0	45	1	12	1	532
115	21	239	298	5	0	1	1	0	1	0	10	5	0	0	1	0	28	0	18	0	312
116	28	832	642	2	0	1	0	0	1	1	14	10	0	0	1	0	36	0	24	1	225
117	25	592	63	13	0	1	1	1	1	1	5	2	1	0	0	0	21	0	13	1	671
118	20	472	863	8	0	1	1	1	1	1	24	28	1	0	0	0	19	0	9	1	803
119	20	934	599	5	1	1	0	1	1	0	16	30	0	1	0	0	31	0	8	1	519
120	27	901	95	5	1	1	1	0	1	1	7	4	1	0	0	0	27	0	13	0	423
121	16	29	93	7	0	0	1	0	1	0	18	12	1	0	0	0	34	1	17	0	372
122	23	105	865	15	0	1	1	1	1	1	25	17	1	0	0	0	51	0	6	1	106
123	26	39	327	6	0	1	0	0	1	1	27	29	0	0	1	0	52	0	11	1	507
124	33	207	88	9	0	1	1	0	1	1	13	9	0	0	1	1	20	0	0	1	206
125	38	458	851	2	1	1	1	1	1	1	15	26	0	0	1	1	32	0	6	0	79
126	24	305	909	7	0	1	1	1	1	0	28	32	1	0	0	1	17	0	4	1	299
127	21	23	112	3	1	1	1	1	1	0	56	43	1	0	0	0	62	0	12	1	428
128	21	42	178	3	1	1	1	1	1	1	10	5	1	0	0	0	14	1	3	1	702
129	25	12	375	3	1	0	1	1	1	1	25	18	1	0	0	0	22	0	6	1	201
130	25	17	56	2	1	1	1	1	1	1	32	28	1	0	0	0	20	1	2	1	247
131	20	75	327	4	0	1	1	1	1	1	78	64	1	0	0	0	114	0	7	1	603
132	22	42	201	3	1	1	0	0	1	1	24	20	1	0	0	0	25	0	6	1	342
133	22	64	104	4	1	0	0	0	1	0	22	20	1	0	0	0	34	0	11	1	560
134	26	87	123	5	1	1	1	1	1	1	12	10	1	0	0	0	15	0	8	1	723
135	21	134	283	6	0	0	1	1	1	0	54	44	1	0	0	0	94	0	17	1	625
136	21	212	444	12	0	0	1	1	1	1	68	54	0	1	0	1	78	0	11	1	"1,386"
137	20	134	273	8	0	1	0	0	1	1	57	49	1	0	0	1	94	0	12	1	903
138	21	20	26	2	1	0	1	1	1	0	3	0	1	0	0	0	6	1	2	1	220
139	20	154	364	9	0	1	1	1	1	1	38	31	1	0	0	0	79	0	9	1	458
140	20	67	258	3	1	1	1	1	1	1	42	29	1	0	0	0	44	0	6	1	"1,223"
141	23	109	242	7	0	1	1	1	1	1	45	32	1	0	0	1	77	1	9	1	346
142	22	72	147	3	1	1	1	1	1	1	31	28	1	0	0	0	68	0	12	1	893
143	23	15	69	2	1	1	1	1	1	0	26	18	1	0	0	0	21	0	8	1	289
144	21	39	158	3	1	1	1	1	1	0	19	17	1	0	0	0	17	0	8	1	332
145	21	62	194	5	0	1	1	1	1	1	33	27	1	0	0	0	42	0	7	1	"1,243"
146	22	77	150	5	1	1	1	1	1	0	60	55	0	1	0	0	65	0	6	1	"1,168"
147	28	78	144	6	0	1	1	1	1	0	13	7	1	0	0	0	24	0	14	1	776
148	25	4112	1091	71	0	1	1	0	1	1	26	9	1	0	0	0	334	0	1	1	643
149	46	428	97	19	1	1	1	1	1	1	27	11	0	0	0	0	38	1	0	0	142
150	23	281	371	16	1	0	1	1	1	0	16	2	1	0	0	0	296	0	3	1	644
151	29	412	204	11	1	0	1	1	1	0	60	45	1	0	0	0	141	0	8	1	669
152	22	654	226	33	1	1	1	0	0	0	37	9	1	0	0	0	234	0	5	1	1132
153	21	2294	0	33	0	0	1	0	1	0	12	4	1	0	0	0	0	0	9	1	754
154	18	831	772	14	0	0	1	0	1	1	22	13	1	0	0	0	20	1	16	1	1212
155	18	271	479	16	1	0	1	0	1	1	55	30	0	0	0	0	758	0	3	1	779
156	29	1674	615	42	1	1	1	0	1	1	26	11	0	0	0	0	48	0	12	0	283
157	24	118	213	8	1	1	1	1	1	1	30	18	0	0	0	0	41	0	2	1	276
158	20	349	181	14	0	1	1	0	1	0	15	8	1	0	0	0	26	0	1	1	920
159	22	2321	1686	42	0	1	1	0	1	0	34	19	1	0	0	0	543	0	9	1	1172
160	23	83	685	8	1	0	1	0	1	0	31	12	1	0	0	0	36	1	6	1	661
161	21	612	506	16	0	0	1	0	1	0	40	27	1	0	0	0	37	0	3	1	767
162	21	1334	0	28	0	0	0	0	1	0	18	8	1	0	0	0	79	0	12	1	1007
163	20	390	302	16	0	0	1	1	1	0	4	2	1	0	0	0	14	0	11	1	1368
164	25	9022	2123	140	0	1	1	0	1	1	50	35	1	0	0	1	332	0	2	1	923
165	22	158	72	13	1	1	1	1	1	0	3	1	1	0	0	0	31	0	8	1	971
166	20	1192	1105	26	0	1	1	0	1	0	11	1	1	0	0	0	149	0	2	1	1134
167	26	507	665	18	1	0	0	0	1	0	31	17	1	0	0	0	367	0	7	1	1152
168	21	162	334	10	1	1	1	0	1	0	10	4	1	0	0	0	77	0	1	1	528
169	23	385	309	32	0	0	1	0	1	1	654	546	1	0	0	0	146	0	5	1	741
170	24	70	1	6	1	0	1	0	1	0	2	5	1	0	0	0	28	0	3	1	660
171	24	944	0	110	0	1	1	0	1	0	63	4	1	0	0	0	230	0	10	1	733
172	21	233	4	11	1	0	1	0	1	0	14	2	1	0	0	0	35	0	17	1	747
173	24	576	432	10	1	1	1	0	1	1	535	434	1	0	0	0	330	0	5	1	730
174	22	2011	7	64	0	1	1	1	1	1	3	4	0	1	0	0	11	0	2	1	571
175	20	218	2	23	0	1	1	0	1	0	14	28	1	0	0	0	212	0	12	1	345
176	24	845	9	8	1	0	1	0	1	0	0	0	1	0	0	0	43	0	3	1	909
177	21	1374	0	42	1	1	1	1	1	0	9	11	1	0	0	0	47	0	2	1	1187
178	23	1200	3	36	0	1	1	1	1	0	2	1	1	0	0	0	33	0	1	1	804
179	20	209	0	12	1	1	1	1	1	1	0	0	1	0	0	0	186	0	20	1	496
180	21	1035	4	27	0	0	1	0	1	0	1	2	1	0	0	0	46	0	0	1	817
181	55	215	0	58	0	0	1	0	1	1	5	7	1	0	0	1	173	0	5	1	501
182	25	1688	1	106	1	1	0	0	1	1	0	0	1	0	0	0	2	0	10	1	548
183	39	106	1	10	0	1	1	0	1	1	16	31	0	1	0	1	77	0	1	1	409
184	17	164	1	9	1	1	0	0	1	1	0	18	1	0	0	0	477	1	2	1	616
185	21	312	0	11	0	0	1	0	1	1	0	2	1	0	0	0	2	0	4	1	291
186	21	720	1	18	0	1	1	0	1	0	2	21	1	0	0	0	83	0	2	1	386
187	25	659	9	37	1	1	1	0	1	1	15	44	1	0	0	0	69	0	10	1	1378
188	31	393	158	17	0	0	1	1	1	0	14	17	1	0	0	0	58	1	1	1	600
189	18	128	62	4	1	0	1	0	1	0	24	12	1	0	0	0	802	0	1	1	478
190	27	310	205	6	0	1	1	0	1	1	2	0	1	0	0	0	10	0	2	1	382
191	38	135	67	4	0	0	1	1	1	1	17	28	1	0	0	1	11	1	0	1	195
192	27	212	92	7	0	1	1	1	1	0	3	1	1	0	0	0	6	0	0	1	207
193	20	140	123	2	1	1	1	1	1	0	12	18	1	0	0	0	71	0	7	1	507
194	17	41	63	0	1	1	1	1	1	0	1	1	1	0	0	0	306	1	4	1	371
195	35	86	76	1	1	1	1	0	1	0	3	3	0	0	0	0	91	0	0	0	125
196	37	419	76	8	0	1	1	0	1	1	16	27	0	0	1	1	109	0	3	1	403
197	20	330	314	1	0	0	1	0	1	0	2	0	1	0	0	0	13	0	1	1	245
198	24	130	221	6	0	1	1	1	1	1	3	3	1	0	0	0	90	0	0	1	146
199	24	212	113	4	0	1	1	0	1	0	3	4	1	0	0	0	124	0	0	1	313
200	20	96	12	0	1	0	1	0	1	1	6	5	1	0	0	0	16	0	0	1	113
201	16	36	12	0	1	0	1	1	1	0	18	25	1	0	0	0	142	1	6	1	415
202	19	12	0	0	1	0	1	1	1	0	0	0	1	0	0	0	54	0	3	1	524
203	36	201	102	6	0	1	1	0	1	1	6	7	1	0	0	1	62	0	1	1	186
204	25	165	95	4	1	1	1	1	1	1	5	2	1	0	0	1	14	0	2	1	106
205	29	124	36	5	0	1	1	0	1	1	6	3	1	0	0	1	2	0	1	1	145
206	24	315	187	9	0	1	1	1	1	1	12	15	1	0	0	0	201	0	4	1	394
207	25	125	140	3	1	1	1	1	1	1	3	1	1	0	0	0	3	0	1	1	112
208	46	20	3	1	0	1	1	0	1	1	0	0	1	0	0	1	0	1	0	1	24
209	22	127	671	9	1	1	1	0	1	1	10	12	1	0	0	0	51	0	1	1	360
210	18	229	396	1	0	0	1	0	1	1	49	4	1	0	0	0	30	0	9	1	199
211	20	458	7191	8	1	1	1	1	1	1	24	1	1	0	0	0	36	0	7	1	201
212	18	308	392	9	0	0	1	1	1	0	46	9	1	0	0	0	4	0	20	1	578
213	27	47	431	1	1	1	1	1	1	0	44	23	1	0	0	0	31	0	19	1	187
214	22	40	199	1	0	0	1	1	1	1	0	18	1	0	0	0	36	0	16	1	485
215	37	53	300	7	0	0	1	0	1	0	0	19	1	0	0	0	41	0	27	1	179
216	23	8	430	5	1	1	1	0	1	0	13	5	1	0	0	0	17	0	26	1	293
217	40	3	19	6	0	1	0	1	1	0	21	40	1	0	0	0	36	0	9	1	91
218	36	100	536	6	0	0	0	0	1	0	32	44	1	0	0	0	14	0	13	1	433
219	19	205	264	1	1	0	0	1	1	1	26	10	1	0	0	0	18	0	6	1	36
220	35	34	326	1	0	1	1	0	1	1	8	50	1	0	0	0	14	0	7	1	384
221	22	537	20	2	1	1	0	0	1	1	44	30	1	0	0	0	30	0	15	1	457
222	25	31	214	4	1	1	0	1	1	1	49	45	1	0	0	1	25	0	10	1	557
223	23	319	11	4	1	1	1	0	1	0	7	1	1	0	0	0	47	0	17	1	318
224	33	88	466	6	1	1	1	1	1	0	13	42	1	0	0	0	18	0	29	1	273
225	18	369	579	7	0	0	0	1	1	0	6	46	1	0	0	0	31	0	30	1	534
226	26	157	202	6	0	0	1	1	1	0	16	45	1	0	0	1	3	0	5	1	511
227	39	95	442	1	0	1	1	1	1	1	19	31	1	0	0	0	40	0	12	1	471
228	39	285	325	1	0	0	1	1	1	0	41	16	1	0	0	0	9	0	4	1	287
229	20	50	35	4	1	1	0	1	1	0	43	48	1	0	0	1	38	0	17	1	50
230	20	1394	1008	34	0	0	1	0	1	0	12	10	1	0	0	0	30	0	0	1	926
231	21	93	237	7	1	0	1	0	1	0	24	16	1	0	0	0	93	0	1	1	727
232	22	45	379	4	1	1	1	1	1	1	12	10	1	0	0	0	20	0	2	1	816
233	21	348	677	13	1	1	1	0	1	1	168	31	1	0	0	0	95	0	5	1	1355
234	19	46	12	10	1	0	1	0	1	0	1	0	1	0	0	0	339	1	1	1	358
235	20	24	102	4	1	0	1	0	1	0	4	0	1	0	0	0	38	0	4	1	422
236	21	245	237	16	1	0	1	0	1	0	36	8	1	0	0	0	365	0	3	1	813
237	21	63	174	5	1	0	1	0	1	1	12	1	1	0	0	0	109	0	2	1	726
238	20	757	1020	43	0	1	1	1	1	0	31	11	1	0	0	0	303	0	1	1	677
239	46	24	48	11	1	1	1	0	1	1	2	0	1	0	0	1	82	0	0	1	330
240	19	134	128	8	0	0	1	1	1	0	138	4	1	0	0	0	2619	1	20	1	4951
241	20	226	718	14	1	0	1	1	1	1	10	6	1	0	0	0	1064	0	3	1	1015
242	20	1	1	2	1	0	1	0	1	0	2	0	1	0	0	0	2	0	0	1	43
243	20	48	397	6	1	1	1	1	1	1	2	0	1	0	0	0	324	0	0	1	405
244	15	44	30	6	1	0	1	1	1	0	6	5	1	0	0	0	139	1	3	1	542
245	22	104	903	17	1	0	1	0	1	0	18	8	1	0	0	0	156	0	6	1	1503
246	23	515	267	22	1	0	1	0	1	0	13	4	1	0	0	0	799	0	3	1	1134
247	21	200	184	15	1	1	1	0	1	1	37	25	1	0	0	0	1597	0	2	1	719
248	20	75	459	8	1	0	1	1	1	0	33	5	1	0	0	0	117	0	9	1	1703
249	46	283	103	35	1	1	1	1	1	1	25	63	1	0	0	1	114	0	0	1	500
250	20	161	573	13	0	0	1	1	1	1	9	6	1	0	0	0	30	0	4	1	710
251	22	197	190	5	1	1	1	1	1	0	55	92	1	0	0	0	18	1	10	1	569
252	23	1788	1602	22	0	1	1	1	1	0	128	225	1	0	0	0	12	0	4	1	1522
253	24	305	1	13	0	1	0	1	1	1	2	0	1	0	0	0	64	0	10	1	470
254	20	1222	1200	4	1	1	1	1	1	0	48	97	1	0	0	0	21	0	11	1	997
255	19	52	50	1	1	1	1	1	1	0	56	152	1	0	0	0	8	0	6	1	125
256	22	136	136	3	1	1	1	1	1	1	24	9	1	0	0	1	4	0	7	1	452
257	22	852	852	8	1	1	1	1	1	0	165	145	1	0	0	0	9	0	4	1	674
258	25	1395	730	35	1	1	1	0	1	0	203	250	1	0	0	0	13	1	4	1	852
259	29	289	287	3	0	1	1	1	1	0	9	12	1	0	0	0	8	1	4	1	328
260	52	48	48	2	0	1	1	1	1	0	15	10	1	0	0	3	7	0	3	1	247
261	17	27	27	1	1	1	1	1	1	1	2	3	1	0	0	0	0	1	1	1	95
262	20	2276	2253	31	0	1	1	0	1	1	175	145	1	0	0	0	5	1	1	1	1022
263	22	452	452	6	1	1	1	1	1	1	91	115	0	0	0	0	9	0	8	0	782
264	22	789	712	9	0	1	1	1	1	0	16	22	1	0	0	0	11	0	12	1	521
265	23	67	61	1	0	1	1	1	1	0	14	3	1	0	0	0	2	0	9	1	153
266	24	621	603	8	0	1	1	1	1	1	79	56	1	0	0	0	20	1	7	1	842
267	25	15	15	1	1	1	1	0	1	1	1	0	1	0	0	0	0	1	10	1	78
268	21	267	267	3	1	1	1	1	1	1	4	0	1	0	0	0	1	0	2	1	156
269	22	98	98	2	1	1	1	1	1	1	9	2	1	0	0	0	3	0	3	1	102
270	20	1784	1692	19	1	1	1	1	1	1	89	43	1	0	0	0	17	0	4	1	1356
271	34	17	17	1	1	1	1	1	1	1	5	1	1	0	0	1	1	0	0	1	45
272	18	197	140	5	1	1	1	1	1	0	5	14	1	0	0	0	12	1	2	1	654
273	16	289	189	8	1	1	1	1	1	0	7	26	1	0	0	0	16	1	0	1	425
274	17	324	126	2	1	1	1	1	1	0	13	32	1	0	0	0	39	1	4	1	704
275	18	67	12	8	1	1	1	0	1	0	5	14	1	0	0	0	6	1	1	1	231
276	22	54	24	12	1	1	1	0	1	0	12	45	1	0	0	0	14	1	2	1	782
277	22	604	204	10	0	0	1	0	1	1	18	14	1	0	0	0	35	0	0	1	871
278	17	266	125	20	0	1	1	0	1	1	16	16	1	0	0	0	34	0	0	1	2039
279	21	874	312	24	0	1	1	0	1	1	2	28	1	0	0	0	4	0	0	1	1580
280	18	1067	569	19	0	1	1	0	1	1	8	24	1	0	0	0	15	1	6	1	1530
281	20	456	102	8	0	1	1	0	1	0	14	17	1	0	0	0	29	1	7	1	489
282	20	249	21	6	1	1	1	1	1	1	16	29	1	0	0	0	24	0	4	1	520
283	17	42	15	3	1	1	1	0	1	0	26	28	1	0	0	0	54	1	2	1	478
284	22	86	41	4	1	0	1	0	1	0	1	48	1	0	0	0	103	0	1	1	255
285	18	47	6	2	1	0	1	0	1	1	7	26	1	0	0	0	59	1	0	1	415
286	26	910	103	13	0	1	1	1	1	0	13	15	1	0	0	0	13	0	4	1	893
287	35	845	105	16	0	1	1	0	1	1	2	26	1	0	0	1	18	0	0	1	458
288	27	105	41	6	1	1	1	0	1	1	8	15	1	0	0	0	69	0	0	1	417
289	21	164	76	4	1	1	1	0	1	1	9	14	1	0	0	0	16	0	2	1	654
290	18	41	23	2	1	0	1	0	1	1	4	9	1	0	0	0	18	1	1	1	254
291	17	48	12	3	1	0	1	1	1	1	12	4	1	0	0	0	17	1	0	1	189
292	26	201	23	6	0	1	1	0	1	1	1	2	1	0	0	0	9	0	0	1	54
293	21	88	25	4	0	1	1	1	1	0	10	10	1	0	0	0	0	0	0	1	120
294	24	120	30	3	1	1	1	1	1	0	9	7	1	0	0	0	0	0	0	1	180
295	19	153	42	5	1	0	0	1	1	0	8	6	1	0	0	0	1	1	0	1	121
296	22	133	44	3	0	0	1	1	1	1	12	10	1	0	0	0	1	0	0	1	200
297	20	200	80	4	0	1	1	1	1	1	13	8	1	0	0	0	1	0	0	0	122
298	25	170	50	5	0	1	1	1	1	1	11	9	0	0	0	0	0	0	0	0	100
299	15	400	100	7	0	1	1	1	1	1	12	10	0	0	0	0	0	1	0	0	523
300	17	250	77	1	0	1	1	1	1	0	15	15	0	0	0	0	0	1	0	1	400
301	21	425	7	1	0	0	1	1	1	0	12	22	1	0	0	0	17	0	8	1	"3,063"
302	21	258	6	1	0	1	1	1	1	0	7	14	1	0	0	0	90	0	12	1	"1,274"
303	20	180	50	2	0	1	1	1	1	1	13	12	0	0	0	0	0	0	0	0	224
304	35	95	10	2	0	1	1	1	1	0	14	11	0	0	0	2	0	0	0	1	189
305	38	100	20	2	0	1	0	1	1	1	18	16	0	0	1	5	8	0	0	0	325
306	24	70	1	6	1	0	1	0	1	0	2	5	1	0	0	0	28	0	3	1	660
307	40	80	10	2	0	1	0	1	1	0	17	15	1	0	0	4	0	0	0	0	235
308	45	53	15	3	0	1	0	1	1	0	14	13	0	0	1	5	0	0	0	0	226
309	28	201	78	4	0	1	1	1	1	0	12	11	1	0	0	1	0	0	0	0	210
310	23	250	47	5	1	1	1	1	1	0	16	12	1	0	0	0	0	0	1	1	137
311	20	320	100	6	0	1	1	1	1	0	20	19	1	0	0	0	0	0	0	1	148
312	25	125	20	5	0	1	1	1	1	1	27	26	1	0	0	1	2	0	0	1	150
313	25	145	30	3	1	0	1	1	1	1	21	20	0	1	0	0	0	0	1	0	300
314	26	155	50	5	1	0	1	1	1	1	18	17	0	0	1	0	4	0	0	0	129
315	29	143	40	4	1	0	1	1	1	1	16	14	0	0	0	2	7	0	0	0	200
316	27	203	10	7	1	0	1	1	1	0	19	17	0	0	1	0	7	0	0	0	130
317	20	3830	2879	46	0	1	1	0	1	1	135	197	1	0	0	0	85	0	6	1	1077
318	21	1425	1572	32	0	1	1	1	1	0	34	56	0	0	1	0	268	0	5	1	1571
319	25	861	380	20	1	1	1	0	1	1	81	117	0	1	0	0	123	0	1	1	606
320	17	2301	563	40	0	0	1	1	1	0	68	80	0	1	0	0	932	1	6	1	268
321	20	2445	1187	23	0	1	1	0	1	0	72	93	1	0	0	0	276	0	6	1	672
322	23	3512	1513	87	0	0	1	1	1	0	98	129	0	1	0	0	239	0	3	1	776
323	20	2976	1355	50	1	1	1	0	0	0	94	106	0	0	1	0	65	0	11	1	890
324	21	3606	604	28	0	1	1	0	1	0	62	41	0	1	0	0	188	0	2	1	557
325	21	2171	1623	44	1	1	1	1	0	0	102	132	0	1	0	0	301	0	12	1	986
326	22	1984	1062	52	0	1	1	0	1	0	39	23	0	1	0	0	234	0	11	1	570
327	22	1142	1252	29	0	1	1	0	1	1	64	92	0	0	1	0	114	0	2	1	852
328	21	639	484	17	0	1	1	0	1	0	49	36	0	1	0	0	120	0	3	1	338
329	21	2931	2195	57	0	1	1	0	1	0	63	89	0	0	0	0	281	0	10	1	962
330	27	11413	3572	172	0	1	1	1	1	0	195	212	0	1	0	0	92	1	17	1	2229
331	24	143	562	10	1	1	1	0	1	0	6	8	0	0	1	0	89	0	1	1	412
332	20	3244	961	140	1	0	1	0	0	0	110	153	1	0	0	0	413	0	8	1	1282
333	24	797	499	23	0	1	1	0	1	0	68	96	0	1	0	0	42	0	3	1	902
334	26	640	3578	17	1	1	1	0	1	1	37	71	1	0	0	0	39	0	1	1	237
335	22	1678	1478	39	1	0	1	0	1	0	58	90	0	0	0	0	603	0	17	1	1446
336	21	148	582	12	0	1	0	1	1	1	17	25	1	0	0	1	93	0	4	1	849
337	21	5955	960	86	1	1	1	1	1	0	126	193	1	0	0	0	103	0	14	1	1154
338	26	563	159	27	0	0	1	1	1	1	39	30	0	0	0	1	86	1	3	0	218
339	30	4550	200	77	0	0	1	1	1	1	13	6	0	0	0	0	180	1	9	0	250
340	44	224	25	14	0	0	1	0	1	1	5	4	0	1	0	1	166	1	4	1	196
341	22	491	15	9	0	0	1	0	1	0	4	10	1	0	0	0	267	1	1	1	205
342	26	584	53	15	0	0	1	1	1	1	25	3	1	0	0	0	0	1	0	1	145
343	18	381	3	6	1	0	1	1	1	0	0	0	0	0	0	0	114	1	14	0	280
344	17	51	15	4	1	0	1	0	1	0	12	0	0	0	0	0	193	1	26	0	301
345	33	116	46	8	0	1	1	1	1	0	7	5	0	0	0	1	20	1	3	0	250
346	24	650	78	26	0	1	1	1	1	1	8	12	1	0	0	1	19	1	1	1	193
347	23	48	70	7	1	1	1	1	1	0	67	35	0	0	0	0	207	1	11	0	350
348	35	107	265	4	0	1	1	0	1	1	15	4	1	0	0	3	12	1	3	1	344
349	38	39	6	7	1	1	1	0	1	1	0	0	0	0	0	0	2	1	1	0	205
350	45	95	35	6	0	1	0	1	1	1	38	14	0	0	0	2	34	1	4	0	76
351	24	133	0	19	0	1	1	1	1	0	2	10	0	0	0	0	148	1	1	0	280
352	17	109	0	9	0	0	1	1	1	0	19	76	0	0	0	0	222	1	5	0	305
353	36	41	43	4	0	1	1	0	1	1	0	0	1	0	0	2	8	1	2	1	122
354	18	235	5	9	0	0	1	1	1	1	0	0	0	0	0	0	3	1	1	0	280
355	15	477	14	10	0	0	1	1	1	0	1	0	0	0	0	0	9	0	0	0	73
356	14	463	763	9	0	0	1	0	1	1	107	255	0	0	0	0	1558	0	2	0	1245
357	24	327	20	13	0	1	1	0	1	0	23	53	1	0	0	0	145	1	1	1	260
358	18	842	599	23	0	0	1	1	1	0	55	85	0	0	0	0	1285	1	11	0	325
359	21	191	161	15	1	1	1	0	1	1	4	2	1	0	0	0	924	0	6	1	434
360	20	630	316	15	0	1	1	0	1	0	6	87	1	0	0	0	72	0	4	1	822
361	23	6389	10460	159	0	1	1	1	1	0	38	129	1	0	0	0	26	0	23	1	1325
362	21	549	170	14	1	1	1	1	1	1	3	17	1	0	0	0	9	0	8	1	731
363	20	757	588	17	0	1	1	1	1	1	21	11	1	0	0	0	102	0	10	1	1407
364	21	1050	829	38	1	0	1	1	1	1	11	14	1	0	0	0	122	0	2	1	783
365	20	242	809	33	0	0	1	1	1	0	23	42	1	0	0	0	218	0	6	1	1277
366	18	1905	697	46	0	0	1	0	1	0	33	28	1	0	0	0	255	1	2	1	1519
367	21	733	168	19	1	1	1	1	1	1	9	14	1	0	0	0	40	0	1	1	643
368	21	1382	533	33	0	1	1	0	1	1	13	22	1	0	0	0	172	0	58	1	303
369	21	339	446	15	1	0	1	0	1	0	27	44	1	0	0	0	149	0	1	1	1362
370	22	30	87	18	1	0	1	0	1	0	4	12	1	0	0	0	255	0	18	1	427
371	20	179	209	19	1	0	1	1	1	0	8	19	1	0	0	0	126	0	3	1	467
372	19	78	98	8	1	1	1	0	1	0	19	32	1	0	0	0	44	1	1	1	297
373	18	99	149	8	0	1	1	0	1	0	4	18	1	0	0	0	0	1	1	1	619
374	20	126	124	11	1	0	1	1	1	0	19	22	1	0	0	0	80	0	16	1	592
375	21	181	370	11	1	0	1	0	1	0	2	6	1	0	0	0	50	0	1	1	627
376	19	99	50	9	0	1	1	0	1	0	6	19	1	0	0	0	1658	1	5	1	1026
377	21	2845	1970	67	0	1	1	1	1	1	28	36	1	0	0	0	137	1	6	1	1388
378	19	279	426	17	1	1	1	0	1	1	20	19	1	0	0	0	19	0	3	1	1192
379	20	47	279	15	1	1	1	0	1	1	4	9	1	0	0	0	172	0	1	1	518
380	22	2338	995	44	1	1	1	0	1	1	17	12	1	0	0	0	224	0	53	1	645
381	22	62	713	4	1	1	1	0	1	1	25	3	1	0	0	0	23	1	5	1	744
382	18	680	245	11	0	1	1	0	1	0	36	12	1	0	0	0	221	1	0	1	1328
383	22	56	289	7	1	1	1	0	1	0	8	4	0	0	1	0	322	0	396	1	249
384	51	5	207	6	1	1	1	0	1	1	38	1	1	0	0	3	99	0	105	1	2214
385	37	68	54	11	0	1	1	0	1	1	4	2	1	0	0	2	46	1	11	1	159
386	22	5499	1922	98	0	1	1	0	1	1	8	3	0	0	1	0	4	0	232	1	1399
387	22	1254	101	5	1	1	1	0	1	1	25	15	0	0	1	0	25	1	25	1	856
388	25	505	52	9	0	0	1	0	1	1	5	4	0	1	0	0	45	0	45	1	492
389	26	254	42	7	1	0	1	1	1	0	10	8	0	0	0	1	151	0	78	1	105
390	18	1058	438	12	0	1	0	0	1	0	6	4	1	0	0	0	105	1	102	1	458
391	26	185	107	8	1	1	1	0	1	1	7	3	0	1	0	3	50	0	56	1	205
392	48	25	202	15	0	0	1	0	1	0	9	4	0	0	0	5	24	0	35	0	45
393	50	30	50	8	1	1	1	0	1	1	7	4	1	0	0	3	31	0	29	1	155
394	19	159	229	11	0	1	1	1	1	1	12	5	1	0	0	0	75	1	16	0	581
395	26	105	143	5	1	1	0	0	1	0	2	1	0	0	0	0	39	0	16	1	139
396	24	334	62	13	1	1	1	0	1	1	34	25	0	0	1	0	546	0	250	1	1061
397	20	166	50	11	1	0	0	0	1	0	10	1	1	0	0	0	124	1	26	1	65
398	22	492	376	13	0	1	1	1	1	0	25	24	0	1	0	0	282	1	243	1	651
399	29	257	53	15	0	1	0	1	1	0	12	1	0	0	0	2	51	0	157	1	269
400	35	385	250	19	1	1	1	0	1	1	25	9	0	0	0	4	28	0	5	0	547
401	32	276	200	11	1	1	1	0	1	1	1	10	0	0	0	0	8	0	27	0	2056
402	20	81	37	7	1	1	1	1	1	1	18	23	1	0	0	0	621	0	10	1	1124
403	21	365	286	19	1	0	1	1	1	0	2	5	1	0	0	0	1071	1	2	1	347
404	20	86	26	14	1	0	1	1	1	1	17	27	1	0	0	0	526	0	3	1	450
405	29	927	448	28	1	1	1	0	1	0	32	35	1	0	0	0	127	0	0	1	278
406	32	1126	877	85	0	1	0	1	1	0	5	12	1	0	0	0	179	1	1	1	493
407	19	871	310	31	0	1	1	1	1	1	40	70	1	0	0	0	587	0	15	1	4897
408	27	327	303	18	1	1	1	1	1	0	27	50	0	0	0	0	1232	0	0	0	147
409	21	228	204	21	1	0	1	0	1	1	31	63	1	0	0	0	232	0	0	1	525
410	22	1831	1222	60	0	1	1	1	1	1	21	32	1	0	0	0	657	0	14	1	327
411	23	1724	76	67	0	1	1	0	1	0	9	20	1	0	0	0	458	0	2	1	349
412	21	49	161	11	1	0	0	1	1	1	10	7	1	0	0	0	111	1	2	1	434
413	25	11001	587	128	0	1	1	1	1	1	21	30	1	0	0	0	115	0	3	1	278
414	20	5	2	3	1	0	1	0	1	0	4	19	1	0	0	0	383	0	9	1	32
415	21	214	256	16	0	1	1	1	1	0	6	31	1	0	0	0	73	0	22	1	271
416	21	40	291	9	1	0	1	0	1	0	15	27	0	0	1	0	27	0	0	1	3592
417	21	95	122	9	1	1	0	1	1	0	14	46	1	0	0	0	51	0	1	1	346
418	35	2682	2153	62	0	1	1	1	1	1	22	15	1	0	0	0	124	0	3	1	764
419	20	204	127	9	1	1	0	1	1	0	3	22	1	0	0	0	995	0	0	1	215
420	24	506	650	23	1	1	1	0	1	1	25	50	1	0	0	0	144	0	0	1	528
421	22	247	126	17	1	0	1	1	1	0	29	42	1	0	0	0	721	0	5	1	359
422	18	2810	1250	24	0	0	1	1	1	1	16	40	1	0	0	0	331	0	6	1	1998
423	22	1011	4499	92	1	1	1	1	1	1	10	15	1	0	0	0	692	0	2	1	800
424	18	959	207	10	0	0	1	1	1	1	14	32	1	0	0	0	699	0	3	1	1295
425	29	156	174	10	1	1	1	1	1	1	3	5	1	0	0	0	14	0	3	1	659
426	21	1235	191	8	0	1	1	1	1	1	12	19	1	0	0	0	0	1	7	1	860
427	20	307	609	24	1	1	1	1	1	0	6	15	1	0	0	0	45	1	3	1	1018
428	20	383	53	8	1	0	1	0	1	0	5	12	1	0	0	0	28	0	6	1	855
429	22	847	688	23	1	0	1	1	1	1	18	27	1	0	0	0	247	0	13	1	1140
430	17	279	307	43	1	1	1	1	1	0	4	4	1	0	0	0	250	1	8	1	1357
431	25	64	259	15	0	1	1	0	1	1	7	16	1	0	0	0	22	1	5	1	384
432	21	126	16	3	1	1	1	0	1	0	8	22	1	0	0	0	39	1	4	1	994
433	19	430	35	5	1	0	1	1	1	1	10	23	1	0	0	0	140	0	5	1	1678
434	23	576	1333	27	1	1	1	1	1	1	11	17	1	0	0	0	64	0	1	1	525
435	20	420	1734	26	0	1	1	0	1	1	13	33	1	0	0	0	160	1	19	1	1075
436	21	1251	673	29	0	1	1	1	1	0	9	25	1	0	0	0	66	1	21	1	1268
437	22	0	794	20	0	1	1	1	1	1	4	7	1	0	0	0	0	1	16	1	1761
438	24	1984	3975	68	0	1	1	1	1	0	10	14	1	0	0	0	364	1	9	1	799
439	35	368	116	9	1	1	1	1	1	0	6	17	1	0	0	0	18	0	11	1	357
440	19	505	700	14	0	1	1	1	1	0	17	36	1	0	0	0	103	1	7	1	2215
441	25	265	89	8	1	1	1	1	1	1	12	28	1	0	0	0	1	0	3	1	555
442	19	1798	123	8	0	0	1	1	0	1	15	31	1	0	0	0	842	0	5	1	1565
443	21	636	123	21	0	1	1	1	1	1	6	9	1	0	0	0	87	0	12	1	619
444	21	152	52	7	1	1	1	1	1	0	25	38	1	0	0	0	62	0	16	1	1405
445	22	1285	652	43	1	1	1	1	1	0	36	15	1	0	0	0	272	0	7	1	938
446	19	207	41	9	0	1	1	0	1	1	22	15	1	0	0	0	27	0	6	1	1604
447	20	1008	369	22	0	1	1	0	1	0	36	29	1	0	0	0	267	0	12	1	2530
448	22	594	201	14	0	0	1	1	1	0	20	36	1	0	0	0	203	0	4	1	1604
449	22	535	1205	17	0	0	1	0	1	1	19	25	1	0	0	0	176	0	18	1	4974
450	27	725	172	10	1	1	1	0	1	0	34	45	1	0	0	0	42	1	3	1	660
451	23	187	102	12	0	0	1	0	1	1	18	26	1	0	0	0	72	0	9	1	1416
452	22	1688	997	14	0	0	1	0	1	0	25	39	1	0	0	0	120	0	7	1	997
453	22	487	111	5	1	1	1	0	1	0	12	8	1	0	0	0	46	0	2	1	996
454	20	258	126	14	1	1	1	0	1	0	35	46	0	0	1	0	128	1	12	1	738
455	21	1718	789	30	0	0	1	1	1	1	45	52	1	0	0	0	47	0	14	1	1285
456	21	6363	1757	137	0	1	1	1	1	0	55	68	1	0	0	0	96	0	6	1	2511
457	20	2916	1270	42	0	0	1	0	1	0	20	13	1	0	0	0	25	0	5	1	1270
458	22	157	28	10	1	1	1	0	1	0	23	24	0	1	0	0	184	1	14	1	590
459	23	2279	1269	48	0	0	1	1	1	0	37	25	1	0	0	0	133	0	12	1	609
460	22	454	411	12	1	1	1	0	1	0	12	5	1	0	0	0	28	0	4	1	2042
461	24	683	224	17	0	0	1	1	1	0	28	36	1	0	0	0	23	0	23	1	1979
462	25	93	24	6	1	1	1	0	1	0	15	5	1	0	0	0	272	1	4	1	682
463	24	412	262	12	0	1	1	1	1	1	29	27	1	0	0	0	137	0	8	1	1463
464	24	380	349	4	1	1	1	1	1	1	4	3	1	0	0	0	4	0	10	0	487
465	24	70	0	5	1	1	1	1	1	0	2	5	0	1	0	0	34	0	6	1	1148
466	25	69	52	5	1	0	1	1	1	0	0	3	0	0	1	0	12	0	6	0	164
467	26	229	56	10	1	1	1	1	1	0	4	4	1	0	0	0	116	0	1	1	162
468	23	402	315	7	1	1	1	1	1	1	6	2	0	1	0	0	93	0	55	1	255
469	23	70	21	6	1	1	1	0	1	0	0	2	1	0	0	0	215	0	15	0	320
470	24	3476	1191	43	1	1	1	0	1	1	20	5	0	1	0	0	106	0	40	1	559
471	24	61	41	8	1	0	1	1	1	0	5	3	1	0	0	0	523	0	3	0	494
472	22	224	55	6	1	0	1	1	1	1	4	0	0	1	0	0	1834	0	13	1	723
473	24	640	222	6	1	1	1	1	1	1	3	2	1	0	0	0	122	0	5	0	857
474	24	9651	1473	10	1	1	1	1	1	1	3	14	1	0	0	0	10	0	25	0	1142
475	21	81	49	20	1	1	1	1	1	0	3	2	1	0	0	0	110	0	23	0	678
476	25	1318	881	15	1	1	1	1	1	0	2	10	0	0	1	0	4	0	32	0	626
477	22	49	30	6	1	1	1	1	1	1	6	4	1	0	0	0	42	0	26	0	393
478	25	696	536	11	1	1	1	1	1	1	1	4	0	0	1	0	62	0	0	0	479
479	26	1276	502	38	1	1	1	1	1	1	5	3	1	0	0	0	128	0	20	0	316
480	25	2479	1778	22	1	1	1	1	1	1	5	3	1	0	0	0	211	0	40	0	1645
481	22	2001	498	26	1	1	1	1	1	1	10	6	0	0	1	0	60	0	47	0	373
482	22	463	302	11	1	1	1	1	1	0	4	2	0	0	1	0	43	0	65	0	312
483	23	289	239	2	1	1	1	0	1	0	15	30	1	0	0	0	33	0	0	1	663
484	22	503	403	9	0	1	1	1	1	1	20	55	1	0	0	0	30	0	0	1	690
485	24	181	167	1	1	1	1	0	1	1	2	3	1	0	0	0	5	1	0	1	103
486	22	234	209	1	1	1	1	0	1	1	6	4	1	0	0	0	5	0	0	1	189
487	23	256	230	4	1	1	1	0	1	0	4	3	1	0	0	0	7	0	1	1	232
488	23	467	430	19	0	1	1	1	1	0	19	30	1	0	0	0	67	1	0	1	439
489	25	453	400	11	0	1	1	1	1	1	23	55	1	0	0	1	33	0	2	1	365
490	19	563	467	25	0	1	1	0	1	0	30	25	1	0	0	0	89	1	0	1	402
491	20	332	245	11	0	1	1	0	1	0	21	22	1	0	0	0	42	1	0	1	187
492	23	167	160	2	1	0	1	1	1	0	5	3	0	0	1	0	6	0	0	1	290
493	22	189	179	5	0	0	1	1	1	0	11	22	1	0	0	0	34	0	0	1	187
494	21	163	160	1	0	0	1	1	1	1	3	5	1	0	0	0	8	0	0	1	190
495	21	423	378	14	0	1	1	0	1	0	13	11	1	0	0	0	21	0	0	1	149
496	22	475	367	22	0	1	1	0	1	0	15	24	1	0	0	0	14	1	0	1	100
497	23	758	578	18	0	1	1	0	1	0	6	8	1	0	0	0	11	1	0	1	1146
498	25	235	198	3	1	1	1	0	1	1	2	11	1	0	0	0	17	1	0	1	183
499	25	372	301	5	0	1	1	1	1	0	11	7	1	0	0	0	24	0	0	1	89
500	26	181	173	1	0	1	1	0	1	0	4	18	1	0	0	0	8	0	0	1	146
501	24	342	302	4	1	1	1	0	1	1	11	33	1	0	0	0	30	1	1	1	203
502	23	670	560	5	0	1	1	0	1	0	30	39	1	0	0	0	67	0	0	1	458
503	25	1254	982	29	0	1	1	1	1	0	33	40	0	0	1	0	98	1	3	1	986
504	25	840	572	39	0	1	1	1	1	0	17	11	1	0	0	0	25	0	1	1	576
505	17	147	956	13	1	0	1	1	1	0	26	0	1	0	0	0	88	1	19	1	1225
506	22	998	1929	32	0	0	1	0	1	0	38	12	1	0	0	0	634	0	1	1	594
507	22	1779	338	37	1	1	1	1	1	0	29	23	1	0	0	0	273	0	2	1	23
508	44	92	718	7	0	1	1	0	1	1	57	36	1	0	0	5	78	1	1	1	506
509	20	651	922	17	0	0	1	0	1	1	27	30	0	1	0	0	74	0	1	1	357
510	22	419	139	19	0	1	1	0	1	1	23	16	1	0	0	0	234	0	4	1	842
511	22	831	1494	28	0	1	1	1	1	0	53	31	1	0	0	0	124	0	8	1	2137
512	23	252	0	9	1	0	1	0	1	0	59	22	1	0	0	0	86	0	3	1	1161
513	22	776	591	25	1	1	1	0	1	0	25	3	1	0	0	0	136	0	3	1	788
514	22	418	395	14	1	1	1	1	1	0	60	30	1	0	0	0	0	0	1	1	683
515	21	268	464	12	0	0	1	1	1	0	28	25	1	0	0	0	57	0	1	1	1395
516	24	211	451	21	1	1	1	1	1	0	36	8	0	1	0	0	119	0	14	1	269
517	22	1282	1706	21	0	1	1	0	1	0	57	15	1	0	0	0	49	0	5	1	622
518	56	438	67	22	1	1	1	0	1	1	26	35	1	0	0	3	237	0	3	1	341
519	22	1259	1721	32	0	1	1	0	1	0	17	45	1	0	0	0	294	0	3	1	775
520	27	2587	341	67	0	1	1	0	1	0	20	14	1	0	0	0	83	0	0	1	434
521	22	479	1277	17	0	0	1	1	1	0	26	42	1	0	0	0	59	0	3	1	1479
522	22	2479	1389	68	0	1	1	0	0	0	26	31	1	0	0	0	36	0	5	1	1103
523	23	89	192	9	1	1	0	0	1	1	42	27	1	0	0	0	115	0	2	1	591
524	24	66	268	8	1	1	1	0	1	1	33	22	1	0	0	0	57	0	18	1	222
525	24	518	370	26	1	1	1	0	1	1	17	10	1	0	0	0	23	0	2	1	302
526	26	5110	245	70	1	1	1	0	1	0	7	24	0	0	0	0	251	0	5	0	658
527	24	1163	350	29	1	1	1	0	1	0	32	45	0	1	0	0	81	0	1	1	326
528	25	1520	1041	22	1	1	1	0	0	1	37	52	0	0	0	0	123	0	1	0	691
529	21	857	673	27	1	1	1	0	1	0	10	15	0	0	1	0	37	0	3	1	564
530	32	56	1	6	0	1	0	1	1	1	70	10	0	0	1	1	53	0	3	1	93
531	26	239	56	10	1	1	1	1	1	0	10	13	0	1	0	0	35	0	1	1	352
532	21	47	241	5	1	1	1	0	1	0	6	26	1	0	0	0	369	0	4	1	99
533	20	160	628	13	1	1	1	1	1	0	19	74	1	0	0	0	82	0	5	1	796
534	21	239	284	15	1	1	1	1	1	1	22	28	0	1	0	0	202	0	1	1	943
535	24	433	593	15	1	1	1	1	1	1	27	9	0	0	1	0	89	0	15	1	967
536	34	196	30	18	1	1	0	0	1	1	4	2	0	1	0	1	10	0	0	1	275
537	35	104	224	12	1	1	1	0	1	1	17	12	0	0	0	1	40	0	4	0	563
538	29	148	113	7	1	1	1	1	1	0	0	0	0	0	0	0	23	0	4	0	717
539	21	222	693	12	1	1	1	0	1	1	25	43	1	0	0	0	95	0	1	1	594
540	25	1842	2824	52	0	1	1	1	1	1	51	68	1	0	0	0	59	0	1	1	366
541	26	1055	44	26	0	1	1	0	1	1	19	18	0	1	0	0	589	0	1	1	468
542	25	5	40	4	1	1	1	0	1	0	27	12	0	0	0	0	143	0	1	0	115
543	22	128	150	10	1	1	1	1	1	1	10	26	0	0	1	0	1	0	0	1	175
544	23	2508	1712	63	1	1	1	1	1	1	4	9	0	0	1	0	9	0	0	1	600
545	26	640	967	14	1	1	1	0	1	0	9	19	1	0	0	0	48	0	3	1	1109
546	22	469	609	20	1	0	1	1	1	0	27	3	1	0	0	0	116	0	2	1	1340
547	22	2757	1275	35	0	1	1	1	1	0	250	15	1	0	0	0	158	0	7	1	1176
548	22	4612	1330	88	0	1	1	0	1	0	161	85	1	0	0	0	75	0	2	1	1216
549	48	804	27	45	0	1	1	0	1	0	15	12	1	0	0	0	93	0	15	1	404
550	31	1453	543	53	0	1	1	1	1	1	49	16	1	0	0	0	137	0	12	1	1120
551	21	1325	825	23	0	0	1	1	1	1	13	3	0	1	0	0	10	0	3	1	1325
552	21	791	238	14	1	1	1	0	0	0	129	56	0	0	0	0	659	0	18	1	2941
553	15	39	22	7	1	0	1	0	1	0	64	11	1	0	0	0	109	1	3	1	718
554	22	181	789	10	1	0	1	1	1	1	6	2	1	0	0	0	29	0	19	1	923
555	19	795	1679	18	0	0	1	1	1	0	13	2	1	0	0	0	19	0	1	1	1128
556	22	315	761	13	0	1	1	0	1	1	11	5	1	0	0	0	157	0	9	1	1236
557	24	3403	1642	75	0	1	1	0	1	0	23	12	0	0	1	0	102	1	7	1	1326
558	21	425	747	12	1	0	1	0	0	0	46	33	0	0	0	0	266	0	4	0	1494
559	21	130	393	10	1	0	1	1	1	0	8	0	1	0	0	0	143	0	3	1	1074
560	32	1104	444	54	0	1	0	1	1	1	23	3	1	0	0	1	37	0	2	1	643
561	19	2176	0	51	0	1	1	1	1	0	16	9	0	0	1	0	0	0	4	1	1038
562	22	2075	1032	51	0	0	1	1	1	1	15	3	0	0	0	0	292	0	6	0	679
563	22	30	89	5	1	0	1	0	1	1	15	3	1	0	0	0	141	0	3	1	669
564	29	992	382	23	1	1	1	1	1	1	34	27	0	1	0	0	534	0	18	1	1893
565	30	576	303	26	1	1	1	0	1	1	45	14	1	0	0	0	197	0	8	1	844
566	33	971	559	33	0	1	1	1	1	1	23	10	1	0	0	1	19	1	2	1	1075
567	32	2257	1227	53	0	1	1	1	1	1	40	30	1	0	0	1	8	1	46	1	1611
568	30	486	373	21	0	1	1	0	1	0	64	0	1	0	0	0	8	0	12	1	546
569	25	757	444	19	1	1	1	0	1	1	0	0	0	0	1	0	8	0	6	1	1040
570	25	323	214	26	0	1	1	0	1	0	7	1	1	0	0	0	14	0	7	1	569
571	21	38	175	5	1	1	1	0	1	0	4	4	1	0	0	0	107	0	5	1	1172
572	25	172	232	7	1	1	1	0	1	0	5	5	1	0	0	0	53	1	1	1	36
573	39	129	388	7	1	1	1	0	1	1	4	0	1	0	0	1	145	1	26	1	1032
574	29	376	189	16	0	1	1	0	1	1	4	2	1	0	0	1	49	1	17	1	207
575	44	52	35	4	0	1	1	0	1	1	4	3	0	0	1	0	30	1	15	1	463
576	32	113	356	8	0	1	1	0	1	1	4	2	1	0	0	1	28	1	2	1	416
577	25	573	1242	29	0	1	1	1	1	1	4	4	1	0	0	1	48	1	0	1	647
578	27	499	541	20	0	1	1	1	1	1	3	3	1	0	0	0	36	1	20	1	478
579	24	33	7	1	1	1	1	1	1	0	0	0	1	0	0	0	1	1	0	1	127
580	29	909	319	34	0	1	1	1	1	1	4	12	1	0	0	0	69	1	4	1	553
581	44	35	52	4	0	1	1	1	1	1	7	6	1	0	0	0	30	1	16	1	463
582	25	1635	128	40	1	1	1	1	1	1	2	2	1	0	0	0	342	1	7	1	1608
583	35	744	55	16	1	1	1	1	1	0	2	2	1	0	0	0	148	1	11	1	4999
584	30	471	185	13	0	1	1	0	1	1	4	3	1	0	0	1	35	1	21	1	587
585	33	2539	279	34	0	1	1	1	1	0	4	8	1	0	0	0	35	1	21	1	440
586	34	592	709	22	1	1	1	1	0	0	4	12	1	0	0	0	145	1	2	1	3
587	31	149	79	8	0	1	1	1	1	1	1	1	1	0	0	2	4	1	1	1	176
588	21	1291	524	25	0	1	1	1	1	1	24	40	1	0	0	0	10	0	15	1	290
589	20	282	146	18	1	0	1	0	1	0	38	20	1	0	0	0	332	0	10	1	420
590	20	6483	1499	82	0	1	1	0	1	0	52	79	1	0	0	0	1973	1	32	1	1965
591	20	468	723	9	1	1	1	1	1	1	15	11	1	0	0	0	175	0	4	1	279
592	16	17	7	6	1	0	1	0	1	0	1	0	1	0	0	0	36	1	2	1	198
593	21	30	80	6	1	1	1	0	1	0	2	1	1	0	0	0	123	0	16	1	537
594	20	353	873	14	0	1	1	0	1	0	28	38	1	0	0	0	1462	0	12	1	822
595	19	580	310	19	0	0	1	1	0	1	41	11	1	0	0	0	281	0	16	1	1550
596	20	144	157	25	0	1	1	1	1	1	6	2	0	1	0	1	188	0	12	1	206
597	20	147	156	10	1	0	1	0	1	0	20	26	1	0	0	0	60	0	2	1	1277
598	20	414	185	23	0	1	1	0	1	0	16	26	1	0	0	0	618	0	4	1	865
599	20	265	499	9	0	1	1	0	1	1	31	19	1	0	0	1	570	0	2	1	537
600	20	58	211	6	1	1	1	1	1	0	2	1	1	0	0	0	467	0	5	1	508
601	21	188	65	11	1	0	1	1	1	0	3	1	1	0	0	0	91	0	1	1	316
602	20	34	431	5	1	1	1	1	1	0	8	1	1	0	0	0	155	0	4	1	735
603	21	342	139	15	1	1	1	0	1	0	37	16	1	0	0	0	627	0	10	1	781
604	21	1987	510	34	0	1	1	1	1	1	80	100	1	0	0	0	429	0	6	1	725
605	21	15	88	3	1	1	1	1	1	0	10	3	1	0	0	1	0	0	3	1	1067
606	21	241	515	12	1	1	1	0	1	0	38	5	1	0	0	0	94	0	1	1	635
607	21	627	207	15	1	1	1	1	1	0	2	5	1	0	0	0	202	0	11	1	1231
608	19	166	448	9	0	1	1	1	1	1	7	1	1	0	0	0	101	0	4	1	522
609	21	59	92	4	1	1	1	0	1	0	4	24	1	0	0	0	7	0	0	1	578
610	20	163	463	18	1	1	1	0	1	0	3	11	1	0	0	0	73	0	0	1	548
611	20	211	178	11	0	0	1	0	1	0	8	24	0	1	0	0	100	0	2	1	310
612	27	1406	532	43	0	1	1	0	1	1	0	31	1	0	0	1	112	0	0	1	422
613	20	20	4	5	1	0	1	0	1	0	5	26	1	0	0	0	433	0	0	1	199
614	51	303	9	9	0	1	1	0	1	1	2	5	1	0	0	0	3	0	0	1	143
615	20	484	1295	21	0	0	1	1	1	0	4	17	1	0	0	0	35	0	3	1	756
616	30	57	278	5	1	1	1	1	1	1	3	4	1	0	0	1	0	0	0	1	153
617	18	1274	490	24	0	1	1	1	1	1	5	18	1	0	0	1	170	0	4	1	515
618	20	861	648	18	0	1	1	1	1	1	5	30	1	0	0	0	65	0	3	1	1153
619	20	37	134	5	1	1	1	0	1	0	3	2	1	0	0	0	159	0	2	1	636
620	20	27	163	5	1	1	1	1	1	1	0	0	1	0	0	0	99	0	0	1	569
621	19	538	200	25	1	1	1	0	1	1	6	22	1	0	0	0	1218	0	1	1	963
622	19	57	284	8	1	1	1	0	1	0	2	12	1	0	0	0	81	0	0	1	246
623	31	861	225	33	0	1	1	1	0	1	4	7	1	0	0	1	10	0	2	1	220
624	20	1908	692	28	0	1	1	1	1	1	8	13	1	0	0	0	808	0	0	1	418
625	51	98	31	5	0	0	0	1	1	1	2	0	1	0	0	1	9	0	0	1	137
626	21	266	548	16	1	1	1	1	1	0	5	24	1	0	0	0	287	0	1	1	899
627	19	61	165	9	1	1	1	0	1	1	6	32	1	0	0	0	335	0	3	1	1126
628	21	27	173	4	1	1	1	1	1	0	5	14	1	0	0	0	289	0	2	1	804
629	20	64	72	9	1	1	0	0	1	0	6	20	1	0	0	0	101	0	2	1	266
630	46	125	75	12	0	1	1	1	0	1	12	5	1	0	0	1	83	1	1	1	508
631	20	62	38	12	1	1	1	0	0	0	4	6	1	0	0	0	261	1	12	1	200
632	27	99	86	8	0	1	1	1	0	1	0	0	1	0	0	0	311	1	18	1	905
633	20	616	313	29	1	0	1	1	0	0	7	1	1	0	0	0	17	1	1	1	1018
634	23	41	31	9	0	0	1	0	0	1	3	0	1	0	0	0	127	1	3	1	91
635	23	44	96	8	1	1	1	0	0	0	4	5	1	0	0	0	131	1	1	1	340
636	19	425	191	17	1	0	1	1	0	0	11	13	1	0	0	0	95	1	5	1	961
637	20	232	71	19	1	0	1	0	0	0	4	3	1	0	0	0	251	1	4	1	654
638	81	2	21	2	1	0	1	0	0	1	0	0	1	0	0	1	6	1	13	1	57
639	36	51	17	10	1	1	1	0	0	0	7	2	0	0	0	0	39	1	9	0	160
640	22	356	1183	16	0	1	1	0	0	1	1	2	1	0	0	0	42	1	3	1	629
641	57	4	13	5	1	1	1	0	0	1	0	0	1	0	0	1	8	1	14	1	115
642	24	76	95	13	1	1	1	0	0	0	0	0	1	0	0	0	23	1	15	1	172
643	20	425	901	21	1	1	1	0	0	0	7	7	1	0	0	0	233	1	12	1	2427
644	20	34	23	3	1	1	0	0	0	0	0	0	1	0	0	0	77	1	10	1	74
645	19	11995	1880	123	0	1	1	0	1	0	18	20	1	0	0	0	401	1	2	1	1021
646	18	4112	3772	100	0	1	1	1	1	0	8	5	1	0	0	0	345	0	5	1	2782
647	25	207	83	5	1	0	1	1	1	0	2	1	1	0	0	0	78	1	0	1	1124
648	28	45	893	6	1	1	1	0	1	0	9	9	1	0	0	0	110	0	19	1	837
649	26	566	402	29	1	1	1	0	1	1	15	14	1	0	0	0	39	0	6	1	802
650	20	531	556	19	0	0	1	0	1	0	67	78	1	0	0	0	80	0	4	1	894
651	21	1173	1922	33	0	1	1	1	1	1	45	88	1	0	0	0	63	0	22	1	1643
652	24	2376	1560	77	0	1	1	1	1	0	14	55	1	0	0	0	53	0	10	1	1232
653	25	74	144	10	1	0	0	0	1	0	10	2	1	0	0	0	62	0	10	1	302
654	34	89	100	12	0	1	1	1	1	1	30	0	0	0	1	1	11	0	9	1	81
655	16	3002	2001	101	1	0	1	1	1	1	99	23	1	0	0	0	288	1	23	1	1923
656	29	200	234	21	1	1	1	1	1	1	89	23	1	0	0	1	89	0	0	1	678
657	18	1533	1634	21	0	0	1	1	1	0	18	12	1	0	0	0	98	0	21	1	1320
658	26	1985	1301	49	0	1	1	1	1	1	55	19	1	0	0	0	53	0	10	1	1107
659	22	538	593	12	1	1	1	1	1	0	120	59	1	0	0	0	97	0	6	1	1252
660	22	1414	1414	19	0	1	1	0	1	1	44	20	1	0	0	0	109	0	22	1	1788
661	34	578	432	34	1	1	1	1	1	1	22	11	1	0	0	1	23	0	2	1	255
662	18	1267	2579	21	1	1	0	1	1	1	19	11	1	0	0	0	444	0	11	1	999
663	45	17	2	1	0	1	0	0	1	1	1	0	1	0	0	1	6	1	0	1	26
664	25	234	355	56	1	1	1	1	1	0	90	23	1	0	0	0	993	0	8	1	654
665	23	678	978	12	0	1	1	0	1	1	64	34	1	0	0	0	234	0	9	1	3211
666	22	274	224	10	1	1	1	0	1	0	7	2	1	0	0	0	208	0	6	1	1157
667	20	468	961	13	0	0	1	0	1	1	26	7	1	0	0	0	72	0	6	1	1524
668	22	110	380	10	1	1	1	0	1	0	4	1	1	0	0	0	84	0	5	1	487
669	20	290	110	10	1	1	1	0	1	0	24	11	1	0	0	0	254	0	1	1	718
670	22	2372	1207	38	0	1	1	0	1	1	30	4	1	0	0	0	173	1	4	1	734
671	19	833	578	15	0	1	1	0	1	1	90	53	1	0	0	0	166	1	6	1	963
672	21	109	692	9	1	1	1	0	1	1	23	16	1	0	0	0	43	0	1	1	498
673	22	2161	1650	47	0	1	1	1	1	1	57	36	1	0	0	0	17	0	3	1	421
674	24	685	724	20	1	1	1	0	1	1	25	22	1	0	0	0	218	0	5	1	1093
675	20	861	648	18	0	1	1	1	1	1	67	41	1	0	0	0	65	0	8	1	1153
676	34	341	213	12	1	1	0	0	1	1	71	52	1	0	0	0	45	0	7	1	781
677	23	234	321	15	0	1	1	0	1	1	65	46	1	0	0	0	212	0	6	1	678
678	21	246	444	4	1	1	1	0	1	1	45	31	1	0	0	0	67	0	4	1	567
679	26	251	349	14	1	1	1	0	1	0	87	72	1	0	0	0	43	0	7	1	789
680	21	321	671	16	1	1	1	0	1	0	54	33	1	0	0	0	77	0	8	1	876
681	20	1123	1301	3	0	1	1	1	1	1	71	57	1	0	0	0	82	0	5	1	674
682	19	255	122	17	0	1	0	0	1	0	17	13	1	0	0	0	96	1	9	1	986
683	18	672	321	20	1	0	1	0	1	1	32	24	1	0	0	0	56	0	3	1	1134
684	21	643	546	16	0	1	1	1	1	1	42	29	1	0	0	0	34	0	5	1	789
685	22	876	781	10	1	1	1	0	1	1	53	38	1	0	0	0	55	0	7	1	657
686	25	921	1199	9	1	1	1	0	1	0	12	9	1	0	0	1	69	1	3	1	134
687	23	2828	468	46	1	1	1	0	1	0	5	11	1	0	0	0	100	1	4	1	549
688	21	893	803	9	1	1	1	1	1	1	16	12	1	0	0	0	81	1	4	1	728
689	23	370	296	7	1	1	1	0	1	1	7	13	1	0	0	0	91	1	3	1	509
690	24	1260	431	25	2	1	1	0	1	0	17	30	1	0	0	0	140	1	14	1	723
691	21	555	456	9	1	1	1	1	1	0	19	20	1	0	0	0	94	1	10	1	803
692	21	402	239	14	1	0	1	1	1	1	11	9	1	0	0	0	92	1	0	1	352
693	24	115	40	6	1	1	1	0	1	0	30	43	1	0	0	0	6	1	7	1	502
694	25	2298	1339	37	1	1	1	0	1	0	21	15	1	0	0	0	1857	1	11	1	1374
695	22	921	556	16	1	1	1	0	1	0	18	21	1	0	0	0	252	1	2	1	693
696	21	514	472	13	1	1	1	0	1	0	5	11	1	0	0	0	178	1	2	1	600
697	25	717	303	26	1	1	1	0	1	0	9	5	1	0	0	0	101	1	0	1	470
698	23	4296	1182	70	1	1	1	0	1	0	13	14	1	0	0	0	785	1	21	1	1882
699	25	2199	589	57	1	1	1	0	1	1	6	12	1	0	0	0	39	1	1	1	761
700	22	478	410	18	2	1	1	1	1	1	7	13	1	0	0	0	13	1	23	1	176
701	32	534	292	11	2	1	1	1	1	1	5	1	1	0	0	0	16	1	0	1	292
702	45	357	44	13	2	1	1	1	1	1	3	7	1	0	0	0	4	1	0	1	158
703	23	478	245	19	1	1	1	1	1	0	9	11	1	0	0	0	1000	1	18	1	458
704	21	514	279	31	2	1	1	1	1	0	17	30	1	0	0	0	234	1	2	1	127
705	23	918	560	40	1	1	1	1	1	1	11	21	1	0	0	0	967	1	9	1	378
706	22	670	345	13	2	1	1	1	1	1	12	18	1	0	0	0	654	1	5	1	219
707	19	311	150	6	2	1	1	1	1	0	13	5	1	0	0	0	586	1	3	1	498
708	23	811	293	22	1	1	1	0	1	0	367	578	1	0	0	0	19	0	4	1	357
709	25	241	345	6	1	1	1	1	1	0	543	654	1	0	0	0	48	0	5	1	552
710	25	111	8	2	0	1	1	1	1	0	21	27	0	0	0	0	21	0	3	0	698
711	25	499	4	0	0	1	1	1	1	1	16	19	0	0	1	0	49	0	11	1	"1,689"
712	22	232	101	4	1	0	1	0	1	0	698	552	1	0	0	0	223	0	4	1	327
713	22	327	329	29	1	1	1	0	1	1	543	399	1	0	0	0	520	0	6	1	706
714	24	219	0	8	1	1	1	1	1	0	2	7	1	0	0	1	66	1	1	1	500
715	19	465	0	22	0	1	1	0	1	1	3	6	1	0	0	0	990	1	3	1	585
